Unnamed: 0,Rain(mm),Water Potential (MPa),Soil moisture (cm3/cm3),Corrected Total(cm/h),Total Flow(cm3/h)
2021-08-02 09:00:00,0.0,-0.13,0.041,4.646321475740619,1365.5297923323074
2021-08-02 09:30:00,0.0,-0.13,0.041,5.493217755802578,1829.3306651654516
2021-08-02 10:00:00,0.0,-0.18,0.041,5.921843922161139,2066.8784851201144
2021-08-02 10:30:00,0.0,-0.21,0.041,7.815446433557323,3113.7499485103244
2021-08-02 11:00:00,0.0,-0.29,0.041,8.191011176341092,3322.024935153041
2021-08-02 11:30:00,0.0,-0.32,0.041,8.360907201596572,3413.3745648353697
2021-08-02 12:00:00,0.0,-0.36,0.041,9.504843750019138,4043.1593306912177
2021-08-02 12:30:00,0.0,-0.42,0.041,10.518125395061052,4604.206925368967
2021-08-02 13:00:00,0.0,-0.44,0.04133333333333333,11.047401279401234,4900.608611293261
2021-08-02 13:30:00,0.0,-0.44,0.04133333333333333,10.395844943180283,4536.951503342015
2021-08-02 14:00:00,0.0,-0.44,0.04133333333333333,9.534606880585493,4063.392338576237
2021-08-02 14:30:00,0.0,-0.41,0.04133333333333333,7.607051712731046,3001.1334927969983
2021-08-02 15:00:00,0.0,-0.35,0.04133333333333333,8.831184131273723,3673.1086102691315
2021-08-02 15:30:00,0.6,-0.26,0.04133333333333333,4.948423178672161,1530.1013961717872
2021-08-02 16:00:00,0.6,-0.16,0.04133333333333333,4.155345750032435,1094.000121746707
2021-08-02 16:30:00,0.0,-0.13,0.04133333333333333,4.592217952575129,1332.8817902567803
2021-08-02 17:00:00,0.0,-0.19,0.04133333333333333,10.26257626881905,4464.032550198135
2021-08-02 17:30:00,0.0,-0.33,0.04133333333333333,10.963715635535472,4848.148349188126
2021-08-02 18:00:00,0.0,-0.37,0.04133333333333333,11.957728279431297,5400.971696911287
2021-08-02 18:30:00,0.0,-0.46,0.04133333333333333,11.45718068881938,5126.510900903724
2021-08-02 19:00:00,0.0,-0.42,0.04133333333333333,10.143516373015402,4398.684352020004
2021-08-02 19:30:00,0.0,-0.36,0.04133333333333333,8.309707111064064,3386.392084983694
2021-08-02 20:00:00,0.6,-0.27,0.041,5.196198580053734,1668.2962505676376
2021-08-02 20:30:00,0.0,-0.23,0.041,6.182135589940914,2212.7083983359785
2021-08-02 21:00:00,0.0,-0.23,0.041,7.257811584722802,2805.5794545921235
2021-08-02 21:30:00,0.0,-0.25,0.041,7.792334767174948,3101.5170748795344
2021-08-02 22:00:00,0.0,-0.24,0.04066666666666666,6.539415314911442,2411.6166110951294
2021-08-02 22:30:00,0.0,-0.2,0.04066666666666666,5.234198140254445,1689.2988961595538
2021-08-02 23:00:00,0.0,-0.19,0.04066666666666666,4.500136454825654,1279.84926858625
2021-08-02 23:30:00,0.0,-0.2,0.04066666666666666,4.69395958867219,1391.2192942639958
2021-08-03 00:00:00,0.0,-0.21,0.04066666666666666,4.1752468220597265,1104.3378914531481
2021-08-03 00:30:00,0.0,-0.2,0.04066666666666666,4.477061611048223,1270.6922288984565
2021-08-03 01:00:00,0.0,-0.18,0.04066666666666666,4.112613416055092,1069.6718079398506
2021-08-03 01:30:00,0.0,-0.17,0.04066666666666666,3.325116400471407,635.0238350955821
2021-08-03 02:00:00,0.0,-0.12,0.04066666666666666,2.685368738931042,280.7023623491312
2021-08-03 02:30:00,0.0,-0.11,0.04066666666666666,3.5298043490717212,746.9710346052691
2021-08-03 03:00:00,0.0,-0.15,0.04066666666666666,3.9543748058213035,978.6768171084195
2021-08-03 03:30:00,0.0,-0.13,0.04066666666666666,3.3191212851185705,630.7029548550919
2021-08-03 04:00:00,0.0,-0.1,0.04066666666666666,3.484716310214567,720.0177739240097
2021-08-03 04:30:00,0.0,-0.08,0.04066666666666666,3.1975660182493124,562.2884653606168
2021-08-03 05:00:00,0.0,-0.05,0.04066666666666666,3.7784933336473894,882.882860273309
2021-08-03 05:30:00,0.0,-0.04,0.04066666666666666,3.187940299626752,556.76057747344
2021-08-03 06:00:00,0.0,-0.04,0.04066666666666666,3.9199443825063103,962.3282415677122
2021-08-03 06:30:00,0.0,-0.04,0.04066666666666666,4.963552517264302,1537.4543187807794
2021-08-03 07:00:00,0.0,-0.04,0.04066666666666666,6.4743316900392465,2371.7119749825824
2021-08-03 07:30:00,0.0,-0.11,0.04066666666666666,9.814440639666408,4215.285516085562
2021-08-03 08:00:00,0.0,-0.19,0.04066666666666666,12.09659515619489,5473.865022828253
2021-08-03 08:30:00,0.0,-0.33,0.04066666666666666,19.701231868378226,9669.276449005367
2021-08-03 09:00:00,0.0,-0.66,0.04066666666666666,20.53240530921684,10132.892473180718
2021-08-03 09:30:00,0.0,-0.76,0.04066666666666666,24.04671395150364,12070.617721241604
2021-08-03 10:00:00,0.0,-0.89,0.04066666666666666,25.990867762066287,13142.25689804127
2021-08-03 10:30:00,0.0,-1.09,0.04066666666666666,29.227116095656726,14922.01974477688
2021-08-03 11:00:00,0.0,-1.3,0.041,28.704165557712656,14634.718052371856
2021-08-03 11:30:00,0.0,-1.46,0.041,28.761290896950044,14671.74032368715
2021-08-03 12:00:00,0.0,-1.35,0.041,27.61087421226032,14037.90233911922
2021-08-03 12:30:00,0.0,-1.24,0.041,27.184814411263943,13805.607338541779
2021-08-03 13:00:00,0.0,-1.27,0.04133333333333333,26.564701273105378,13453.168033824597
2021-08-03 13:30:00,0.0,-1.27,0.04133333333333333,25.50473971158589,12882.428546397801
2021-08-03 14:00:00,0.0,-1.18,0.041,25.32201331598192,12782.278212775218
2021-08-03 14:30:00,0.0,-1.2,0.041,24.778136658367686,12480.442329058184
2021-08-03 15:00:00,0.0,-1.13,0.04133333333333333,23.72338244550464,11896.774099743216
2021-08-03 15:30:00,0.0,-1.1,0.04133333333333333,22.861460899388568,11414.043699646712
2021-08-03 16:00:00,0.0,-1.06,0.04066666666666666,22.955903368003508,11465.84744162799
2021-08-03 16:30:00,0.0,-1.11,0.04066666666666666,21.839686473274085,10855.869656146044
2021-08-03 17:00:00,0.0,-1.07,0.04066666666666666,22.275483508681432,11093.451811021545
2021-08-03 17:30:00,0.0,-0.96,0.04066666666666666,21.117323074537694,10462.779520713659
2021-08-03 18:00:00,0.0,-0.95,0.04066666666666666,19.775193641463986,9716.87607984808
2021-08-03 18:30:00,0.0,-0.94,0.04066666666666666,18.360506119815838,8932.951355253992
2021-08-03 19:00:00,0.0,-0.87,0.04033333333333333,16.252112507663057,7776.199148646534
2021-08-03 19:30:00,0.0,-0.8,0.04033333333333333,13.287886109340786,6139.779952907706
2021-08-03 20:00:00,0.0,-0.7,0.04033333333333333,10.096198638923802,4377.618512890102
2021-08-03 20:30:00,0.0,-0.57,0.04033333333333333,7.698079626316613,3052.003766546326
2021-08-03 21:00:00,0.0,-0.49,0.04033333333333333,5.794147261595917,2000.842444410603
2021-08-03 21:30:00,0.0,-0.37,0.04033333333333333,4.4587258856314085,1267.438223514937
2021-08-03 22:00:00,0.0,-0.29,0.04033333333333333,3.9914706139041014,1005.5556698162161
2021-08-03 22:30:00,0.0,-0.23,0.04033333333333333,3.704313268234375,845.7651742846839
2021-08-03 23:00:00,0.0,-0.16,0.04,3.606196737433252,791.2355785729455
2021-08-03 23:30:00,0.0,-0.1,0.04,3.2204256124854753,575.476892684874
2021-08-04 00:00:00,0.0,-0.06,0.04,2.641426473530815,257.82706773481624
2021-08-04 00:30:00,0.0,-0.05,0.04,3.2558557263256462,598.8509762982569
2021-08-04 01:00:00,0.0,-0.06,0.04,3.029553970956784,474.821745863002
2021-08-04 01:30:00,0.0,-0.07,0.04,2.390474704760692,122.78503569421375
2021-08-04 02:00:00,0.0,-0.03,0.04,2.828553585306316,364.3833401898121
2021-08-04 02:30:00,0.0,-0.02,0.04,2.536712959354776,199.96092418663778
2021-08-04 03:00:00,0.0,-0.03,0.03966666666666666,2.3736177817191213,105.69304692496988
2021-08-04 03:30:00,0.0,-0.02,0.03966666666666666,2.8015112971460976,345.736847575212
2021-08-04 04:00:00,0.0,-0.04,0.03933333333333333,2.642602203448013,263.28224058900025
2021-08-04 04:30:00,0.0,-0.03,0.03933333333333333,2.238813082152744,35.53708597889121
2021-08-04 05:00:00,0.0,-0.01,0.03933333333333333,2.5475381633436855,207.9020356321314
2021-08-04 05:30:00,0.0,-0.01,0.03933333333333333,3.0338552673323473,471.7533563663958
2021-08-04 06:00:00,0.0,-0.03,0.03933333333333333,2.734683311367253,312.0182512898813
2021-08-04 06:30:00,0.0,0.0,0.03933333333333333,2.512047384339062,183.55709378647242
2021-08-04 07:00:00,0.0,-0.03,0.03933333333333333,3.6579668340792844,819.8760503496002
2021-08-04 07:30:00,0.0,-0.04,0.03933333333333333,5.325829321919189,1741.1012145667626
2021-08-04 08:00:00,0.0,-0.1,0.03933333333333333,5.587837262463996,1883.8210131050928
2021-08-04 08:30:00,0.0,-0.15,0.03933333333333333,6.610900380228673,2449.5012786326497
2021-08-04 09:00:00,0.0,-0.22,0.03966666666666666,8.97312453788968,3755.052432678315
2021-08-04 09:30:00,0.0,-0.36,0.03966666666666666,9.273559620047905,3919.7528511793644
2021-08-04 10:00:00,0.0,-0.48,0.03966666666666666,14.73753949044486,6936.783004586661
2021-08-04 10:30:00,0.0,-0.73,0.03966666666666666,16.390121249136385,7845.0639605172255
2021-08-04 11:00:00,0.0,-0.99,0.03966666666666666,20.06248471355333,9871.636587967205
2021-08-04 11:30:00,0.0,-1.24,0.03966666666666666,22.010625738928855,10948.353426375477
2021-08-04 12:00:00,0.0,-1.24,0.04,19.55255212035565,9590.066840098156
2021-08-04 12:30:00,0.0,-1.16,0.04,18.048330172321386,8766.932670428678
2021-08-04 13:00:00,0.0,-1.05,0.04,18.231435470067563,8867.65243149559
2021-08-04 13:30:00,0.0,-0.96,0.04,17.680535372787418,8560.400602984122
2021-08-04 14:00:00,0.0,-1.03,0.04,17.14267742809185,8259.03296354359
2021-08-04 14:30:00,0.0,-1.01,0.04,17.356938821282974,8382.047454677708
2021-08-04 15:00:00,0.0,-0.91,0.04,11.708255971651852,5266.413209708346
2021-08-04 15:30:00,0.0,-0.68,0.04,11.263333890870527,5021.950176749004
2021-08-04 16:00:00,0.0,-0.57,0.04,13.269567107313772,6127.567464860629
2021-08-04 16:30:00,0.0,-0.56,0.04,14.192251434066298,6634.71950944675
2021-08-04 17:00:00,0.0,-0.64,0.04,19.289280538025967,9445.689960371314
2021-08-04 17:30:00,0.0,-0.81,0.04,15.520285999171753,7367.5859954574535
2021-08-04 18:00:00,0.0,-0.84,0.04,11.173966895531239,4975.182389116683
2021-08-04 18:30:00,0.0,-0.7,0.04,8.704805358636762,3607.0063323034146
2021-08-04 19:00:00,0.0,-0.62,0.03966666666666666,7.701639328854615,3056.034023582527
2021-08-04 19:30:00,0.0,-0.53,0.03966666666666666,5.85684998222033,2037.7330179548933
2021-08-04 20:00:00,0.0,-0.45,0.03966666666666666,5.489307475623642,1832.1896652949226
2021-08-04 20:30:00,0.0,-0.4,0.03966666666666666,4.7264193226562305,1411.0433452586558
2021-08-04 21:00:00,0.0,-0.35,0.03966666666666666,3.772281302148495,885.4340668660867
2021-08-04 21:30:00,0.0,-0.33,0.03966666666666666,3.6110250925645,793.4633189365626
2021-08-04 22:00:00,0.0,-0.28,0.03966666666666666,3.670004552231707,826.6073987878663
2021-08-04 22:30:00,0.0,-0.21,0.03966666666666666,3.4419019501636896,699.0035414901716
2021-08-04 23:00:00,0.0,-0.16,0.03933333333333333,3.18969369500389,560.1892979060048
2021-08-04 23:30:00,0.0,-0.12,0.03933333333333333,3.047033169224888,482.7110723121606
2021-08-05 00:00:00,0.0,-0.08,0.03933333333333333,3.0566479084351696,488.92872766788884
2021-08-05 00:30:00,0.0,-0.04,0.03933333333333333,2.926061903176902,416.4471379915536
2021-08-05 01:00:00,0.0,-0.02,0.03933333333333333,2.94473598578737,425.41617581612513
2021-08-05 01:30:00,0.0,-0.01,0.03933333333333333,2.64682661942964,263.40911308160025
2021-08-05 02:00:00,0.0,0.0,0.03933333333333333,2.639613296930845,258.0867400851616
2021-08-05 02:30:00,0.0,0.0,0.03933333333333333,2.3832520413970864,116.3685628973936
2021-08-05 03:00:00,0.0,-0.02,0.03933333333333333,2.735318107469263,308.50995338959825
2021-08-05 03:30:00,0.0,-0.02,0.03933333333333333,2.7130549961403414,295.72462397454785
2021-08-05 04:00:00,0.0,0.0,0.03933333333333333,2.5325054739986146,196.18321917179497
2021-08-05 04:30:00,0.0,0.0,0.03933333333333333,3.1234268173421853,527.1879380078155
2021-08-05 05:00:00,0.0,0.0,0.03933333333333333,2.4753339518688513,163.38083245059488
2021-08-05 05:30:00,0.0,0.0,0.03933333333333333,2.643227227678979,259.55707387043554
2021-08-05 06:00:00,0.0,0.0,0.03933333333333333,2.3441286034553412,91.29911524537414
2021-08-05 06:30:00,0.0,0.0,0.03933333333333333,2.300199278748622,69.21724225061655
2021-08-05 07:00:00,0.0,0.0,0.03933333333333333,2.789494191980485,337.32260208397565
2021-08-05 07:30:00,0.0,0.0,0.03933333333333333,3.8911534499284093,943.5517629853016
2021-08-05 08:00:00,0.0,0.0,0.03933333333333333,5.936290753523501,2075.6313515355046
2021-08-05 08:30:00,0.0,-0.07,0.03933333333333333,9.383195447317597,3975.762091494499
2021-08-05 09:00:00,0.0,-0.34,0.03933333333333333,13.955414298814661,6504.978110479182
2021-08-05 09:30:00,0.0,-0.59,0.03933333333333333,14.97244444240387,7064.496517858985
2021-08-05 10:00:00,0.0,-0.85,0.03933333333333333,18.090961239900846,8782.149917435672
2021-08-05 10:30:00,0.0,-1.12,0.03933333333333333,18.91532539944513,9240.017290324533
2021-08-05 11:00:00,0.0,-1.17,0.03933333333333333,20.832126223797914,10300.717551078858
2021-08-05 11:30:00,0.0,-1.4,0.03933333333333333,20.80454365068823,10287.887780709874
2021-08-05 12:00:00,0.0,-1.42,0.03966666666666666,20.073162361070047,9881.55431086491
2021-08-05 12:30:00,0.0,-1.38,0.03966666666666666,18.943951449670102,9259.488972677256
2021-08-05 13:00:00,0.0,-1.33,0.03966666666666666,18.811605305695892,9187.68548845705
2021-08-05 13:30:00,0.0,-1.26,0.03966666666666666,18.32214047953623,8918.57640772417
2021-08-05 14:00:00,0.0,-1.23,0.03966666666666666,16.626968325685077,7975.183071628502
2021-08-05 14:30:00,0.0,-1.16,0.03966666666666666,16.198320019973302,7742.943971803063
2021-08-05 15:00:00,0.0,-1.18,0.03966666666666666,15.085760402778469,7131.631854466468
2021-08-05 15:30:00,0.0,-1.09,0.03966666666666666,14.320991201567304,6713.033393548585
2021-08-05 16:00:00,0.0,-1.02,0.03966666666666666,15.378459470039262,7295.3174870466155
2021-08-05 16:30:00,0.0,-0.98,0.03966666666666666,14.411039607832112,6758.536333342646
2021-08-05 17:00:00,0.0,-0.86,0.03933333333333333,12.87380073606582,5908.082293117373
2021-08-05 17:30:00,0.0,-0.85,0.03933333333333333,14.447122087850005,6774.300827600107
2021-08-05 18:00:00,0.0,-0.85,0.03933333333333333,13.993222806068557,6527.100133167305
2021-08-05 18:30:00,0.0,-0.85,0.03933333333333333,12.373766829263745,5636.625044668126
2021-08-05 19:00:00,0.0,-0.8,0.03933333333333333,11.556113509515505,5182.8296384678415
2021-08-05 19:30:00,0.0,-0.75,0.03933333333333333,9.732179183818154,4176.608530972693
2021-08-05 20:00:00,0.0,-0.67,0.03933333333333333,7.6288294543462225,3014.7704029549723
2021-08-05 20:30:00,0.0,-0.59,0.03933333333333333,6.008640581281444,2118.0019100055647
2021-08-05 21:00:00,0.0,-0.43,0.039,4.8288827969955355,1467.6720151215518
2021-08-05 21:30:00,0.0,-0.36,0.039,4.137851117347053,1085.1048567159858
2021-08-05 22:00:00,0.0,-0.27,0.039,3.7633277629502393,877.8692304917847
2021-08-05 22:30:00,0.0,-0.22,0.039,3.3985023048681757,677.5314160170437
2021-08-05 23:00:00,0.0,-0.19,0.039,3.729671572503433,857.4505992036753
2021-08-05 23:30:00,0.0,-0.19,0.039,3.756116682252125,873.4554229203045
2021-08-06 00:00:00,0.0,-0.13,0.039,2.932716159387008,417.6054955889498
2021-08-06 00:30:00,0.0,-0.1,0.039,3.1566361960915206,539.7216299747723
2021-08-06 01:00:00,0.0,-0.09,0.03866666666666666,2.898960054618922,403.2734797455354
2021-08-06 01:30:00,0.0,-0.11,0.03866666666666666,2.640219060143839,257.7690247557435
2021-08-06 02:00:00,0.0,-0.07,0.03866666666666666,2.7467303343416027,317.2726018361492
2021-08-06 02:30:00,0.0,-0.08,0.03866666666666666,2.9224733916220798,412.7824562379808
2021-08-06 03:00:00,0.0,-0.14,0.03866666666666666,2.9261277558938383,411.82439270286136
2021-08-06 03:30:00,0.0,-0.14,0.03866666666666666,2.587857322640004,230.08858736296156
2021-08-06 04:00:00,0.0,-0.17,0.03866666666666666,3.0795078415036663,502.11732885995644
2021-08-06 04:30:00,0.0,-0.16,0.03866666666666666,2.6227665237516513,248.23039786857453
2021-08-06 05:00:00,0.0,-0.14,0.03833333333333333,3.1348847806506575,532.1034909986141
2021-08-06 05:30:00,0.0,-0.12,0.03833333333333333,2.7455366130057346,315.4978188541333
2021-08-06 06:00:00,0.0,-0.1,0.03833333333333333,2.6089128817656952,243.02749528938438
2021-08-06 06:30:00,0.0,-0.08,0.03833333333333333,2.4723217129945314,163.25439365345272
2021-08-06 07:00:00,0.0,-0.09,0.03833333333333333,2.9910898522129625,450.12979728357664
2021-08-06 07:30:00,0.0,-0.1,0.03833333333333333,4.454206786524337,1257.2031903731754
2021-08-06 08:00:00,0.0,-0.18,0.03833333333333333,7.622991531902685,3007.1704786972605
2021-08-06 08:30:00,0.0,-0.28,0.03833333333333333,11.666747288406818,5238.285264792106
2021-08-06 09:00:00,0.0,-0.58,0.03833333333333333,10.931559132449857,4834.361214382254
2021-08-06 09:30:00,0.0,-0.73,0.03833333333333333,16.310188833895985,7804.791584573652
2021-08-06 10:00:00,0.0,-0.98,0.03866666666666666,14.792490596623981,6967.074893584638
2021-08-06 10:30:00,0.0,-0.97,0.03866666666666666,13.8409383584738,6445.370268080781
2021-08-06 11:00:00,0.0,-0.96,0.03866666666666666,14.089064074759477,6576.879575761007
2021-08-06 11:30:00,0.0,-0.92,0.03866666666666666,14.4683684021511,6790.039183103478
2021-08-06 12:00:00,0.0,-1.03,0.03866666666666666,19.382180199528825,9497.960467067875
2021-08-06 12:30:00,0.0,-1.16,0.03866666666666666,19.944775250288195,9812.031296067078
2021-08-06 13:00:00,0.0,-1.21,0.039,17.527623938664856,8481.711514618952
2021-08-06 13:30:00,0.0,-1.21,0.039,19.083942305864475,9341.512259367484
2021-08-06 14:00:00,0.0,-1.02,0.03833333333333333,19.69236019837635,9673.536742873317
2021-08-06 14:30:00,0.0,-1.21,0.03833333333333333,18.644953735914786,9099.03278197554
2021-08-06 15:00:00,0.0,-1.07,0.03833333333333333,14.365945032296437,6735.477814634221
2021-08-06 15:30:00,0.0,-0.81,0.03833333333333333,16.378539410387965,7842.061492452583
2021-08-06 16:00:00,0.0,-0.98,0.03833333333333333,15.577860703254363,7405.0050962362475
2021-08-06 16:30:00,0.0,-0.94,0.03833333333333333,13.76805357551804,6404.205144901814
2021-08-06 17:00:00,0.0,-0.86,0.03833333333333333,11.307149253057133,5045.74856522396
2021-08-06 17:30:00,0.0,-0.75,0.03833333333333333,7.088896741127719,2722.6658453989066
2021-08-06 18:00:00,0.0,-0.63,0.038,7.368564313925142,2870.495543438023
2021-08-06 18:30:00,0.0,-0.6,0.038,11.807854298386582,5319.445055046286
2021-08-06 19:00:00,0.0,-0.65,0.038,8.069908196959814,3257.068734035801
2021-08-06 19:30:00,0.0,-0.62,0.038,5.367986788732956,1765.9188940835234
2021-08-06 20:00:00,0.0,-0.55,0.038,4.86388858399069,1486.045935603292
2021-08-06 20:30:00,0.0,-0.5,0.038,4.0993344531455715,1063.1066025925272
2021-08-06 21:00:00,0.0,-0.48,0.038,3.8505282876847815,929.3402704346976
2021-08-06 21:30:00,0.0,-0.31,0.038,3.0416245027581,479.2417899141727
2021-08-06 22:00:00,0.0,-0.27,0.038,4.401592513752181,1232.9604381249624
2021-08-06 22:30:00,0.0,-0.21,0.038,3.4352330792496875,697.2023429848007
2021-08-06 23:00:00,0.0,-0.18,0.038,2.9092875196834376,401.72959615754996
2021-08-06 23:30:00,0.0,-0.15,0.038,1.7380620293068736,-239.5451047505013
2021-08-07 00:00:00,0.0,-0.21,0.03766666666666666,3.9434331868202444,975.18116211162
2021-08-07 00:30:00,0.0,-0.25,0.03766666666666666,1.9107714952145414,-146.9840252830146
2021-08-07 01:00:00,0.0,-0.32,0.03766666666666666,1.7404748620037869,-237.9477692465951
2021-08-07 01:30:00,0.0,-0.28,0.03766666666666666,3.5454458798668074,755.9537019789458
2021-08-07 02:00:00,0.0,-0.23,0.03766666666666666,2.9296897200061203,417.16877056442485
2021-08-07 02:30:00,0.0,-0.16,0.03766666666666666,2.9874579580111087,449.49673995793876
2021-08-07 03:00:00,0.0,-0.13,0.03766666666666666,2.9260907806576606,414.3151311977181
2021-08-07 03:30:00,0.0,-0.12,0.03766666666666666,3.0446243254333085,481.4790358266994
2021-08-07 04:00:00,0.0,-0.12,0.03766666666666666,2.229186271636034,30.734505176111554
2021-08-07 04:30:00,0.0,-0.14,0.03766666666666666,1.996254803716423,-99.04167933782207
2021-08-07 05:00:00,0.0,-0.24,0.03766666666666666,2.1539420489393812,-12.779454126997337
2021-08-07 05:30:00,0.0,-0.31,0.03766666666666666,2.503011866526366,181.33302028355507
2021-08-07 06:00:00,0.0,-0.34,0.03766666666666666,2.757580441994837,321.32509541062444
2021-08-07 06:30:00,0.0,-0.32,0.03766666666666666,2.885805053744057,389.394125874733
2021-08-07 07:00:00,0.0,-0.32,0.03766666666666666,2.9333252901646167,417.44081926874196
2021-08-07 07:30:00,0.0,-0.33,0.03766666666666666,3.686307986493587,834.0015388624189
2021-08-07 08:00:00,0.0,-0.31,0.03766666666666666,6.822194572958024,2565.296936359786
2021-08-07 08:30:00,0.0,-0.35,0.03766666666666666,6.702886435332118,2500.2857344636213
2021-08-07 09:00:00,0.0,-0.36,0.03766666666666666,8.132622173187787,3289.901435355534
2021-08-07 09:30:00,0.0,-0.41,0.03766666666666666,8.791606829944797,3650.44144126061
2021-08-07 10:00:00,0.0,-0.46,0.03766666666666666,11.394158917612511,5090.566896093477
2021-08-07 10:30:00,0.0,-0.49,0.03766666666666666,10.302402353868409,4489.405124878263
2021-08-07 11:00:00,0.0,-0.51,0.03766666666666666,11.48440519096289,5143.045624113942
2021-08-07 11:30:00,0.0,-0.54,0.03766666666666666,11.536906695859066,5170.681680839063
2021-08-07 12:00:00,0.0,-0.59,0.03766666666666666,11.951003386374822,5400.471084503539
2021-08-07 12:30:00,0.0,-0.62,0.03766666666666666,12.81584985371402,5876.178214997299
2021-08-07 13:00:00,0.0,-0.63,0.03766666666666666,10.642895011455312,4680.71327063619
2021-08-07 13:30:00,0.0,-0.61,0.03766666666666666,13.952042329263815,6506.628769004947
2021-08-07 14:00:00,0.0,-0.7,0.03766666666666666,14.198970409645298,6646.233195476217
2021-08-07 14:30:00,0.0,-0.72,0.03766666666666666,11.792044990987451,5316.7064066492485
2021-08-07 15:00:00,0.0,-0.71,0.03766666666666666,14.376338684067672,6738.9867789098735
2021-08-07 15:30:00,0.0,-0.79,0.03766666666666666,13.939378935856606,6498.821694809354
2021-08-07 16:00:00,0.0,-0.94,0.03766666666666666,17.479200264300474,8452.968766915232
2021-08-07 16:30:00,0.0,-1.19,0.03766666666666666,18.33162697659192,8928.331182236785
2021-08-07 17:00:00,0.0,-1.11,0.038,18.549293537521457,9043.350056625342
2021-08-07 17:30:00,0.0,-1.03,0.038,17.860355004319203,8665.572721482336
2021-08-07 18:00:00,0.0,-0.97,0.03766666666666666,15.549198774025667,7388.926217381522
2021-08-07 18:30:00,0.0,-0.99,0.03766666666666666,16.447347083981786,7886.818412537408
2021-08-07 19:00:00,0.0,-0.87,0.03733333333333333,11.69554854564699,5264.3327286434205
2021-08-07 19:30:00,0.0,-0.74,0.03733333333333333,12.06142094115503,5462.792979101821
2021-08-07 20:00:00,0.0,-0.69,0.03733333333333333,7.745944872860556,3081.1419017786156
2021-08-07 20:30:00,0.0,-0.6,0.03733333333333333,5.909379189047577,2067.1701785396613
2021-08-07 21:00:00,0.0,-0.55,0.03733333333333333,4.596717817442365,1343.0472006410928
2021-08-07 21:30:00,0.0,-0.48,0.03733333333333333,4.049163118668041,1041.2926973778044
2021-08-07 22:00:00,0.0,-0.4,0.03733333333333333,3.2810457854980726,617.6150622044545
2021-08-07 22:30:00,0.0,-0.36,0.03733333333333333,3.5248676726479924,748.8596357275868
2021-08-07 23:00:00,0.0,-0.36,0.03733333333333333,3.1655105284057843,553.1716590522441
2021-08-07 23:30:00,0.0,-0.38,0.03733333333333333,3.144471643340448,539.9696820567061
2021-08-08 00:00:00,0.0,-0.34,0.037,3.2396348740594547,588.4458844454882
2021-08-08 00:30:00,0.0,-0.29,0.037,2.994651862626757,455.41354375346896
2021-08-08 01:00:00,0.0,-0.28,0.037,2.828557764686449,363.9621502541852
2021-08-08 01:30:00,0.0,-0.25,0.037,2.9037695982328438,406.3380964853052
2021-08-08 02:00:00,0.0,-0.26,0.037,3.375009265860414,665.4323250977036
2021-08-08 02:30:00,0.0,-0.23,0.037,3.14266827364123,538.8432485433293
2021-08-08 03:00:00,0.0,-0.18,0.037,2.7406996440387674,315.5035843180551
2021-08-08 03:30:00,0.0,-0.13,0.037,2.643229314734378,259.22547019941595
2021-08-08 04:00:00,0.0,-0.14,0.037,2.5992841190682183,237.86087648408193
2021-08-08 04:30:00,0.0,-0.13,0.037,2.839930669514661,377.30041279053466
2021-08-08 05:00:00,0.0,-0.13,0.037,2.8297740743578967,363.3898482500813
2021-08-08 05:30:00,0.0,-0.14,0.037,2.607114685739087,240.60321922242707
2021-08-08 06:00:00,0.0,-0.14,0.037,2.5060154291122667,185.0847649432215
2021-08-08 06:30:00,0.0,-0.15,0.037,2.481343819524625,170.85577434701497
2021-08-08 07:00:00,0.0,-0.16,0.037,2.6161361840272583,246.5706786046486
2021-08-08 07:30:00,0.0,-0.16,0.037,2.70337600403013,297.0340598382412
2021-08-08 08:00:00,0.0,-0.18,0.037,2.988029226923926,451.9734058777701
2021-08-08 08:30:00,0.0,-0.19,0.037,3.126463980948815,527.1767700397029
2021-08-08 09:00:00,0.0,-0.21,0.037,4.2504612898129475,1147.7747613691126
2021-08-08 09:30:00,0.0,-0.22,0.037,7.179143052184471,2760.248791941261
2021-08-08 10:00:00,0.0,-0.3,0.037,7.492892535508583,2939.697059107909
2021-08-08 10:30:00,0.0,-0.31,0.037,7.226023950567731,2792.97017337735
2021-08-08 11:00:00,0.0,-0.34,0.037,6.939535513458733,2632.3789629846187
2021-08-08 11:30:00,0.0,-0.35,0.037,6.234571621217236,2244.4343276723175
2021-08-08 12:00:00,0.0,-0.33,0.037,6.594882312333189,2446.6371528130603
2021-08-08 12:30:00,0.0,-0.35,0.037,6.918855192995252,2622.7280728446076
2021-08-08 13:00:00,0.0,-0.36,0.037,6.386176995102378,2331.803006168296
2021-08-08 13:30:00,0.0,-0.36,0.037,5.943764768502566,2087.3427719800675
2021-08-08 14:00:00,0.0,-0.35,0.037,5.186360460947396,1666.805470444042
2021-08-08 14:30:00,0.0,-0.35,0.037,4.163674631387763,1101.450002705259
2021-08-08 15:00:00,0.2,-0.3,0.037,3.788514121816468,895.2105709164741
2021-08-08 15:30:00,0.0,-0.24,0.037,4.69387427916684,1393.0812033792831
2021-08-08 16:00:00,0.0,-0.24,0.03666666666666666,4.91697628441006,1514.5913226784046
2021-08-08 16:30:00,0.0,-0.26,0.03666666666666666,5.372222899493611,1767.98721089933
2021-08-08 17:00:00,0.0,-0.3,0.03666666666666666,5.66078504714805,1925.7744794032121
2021-08-08 17:30:00,0.0,-0.36,0.03666666666666666,6.999405748451338,2667.371210824149
2021-08-08 18:00:00,0.0,-0.38,0.03666666666666666,5.637175311016137,1914.008754920069
2021-08-08 18:30:00,0.0,-0.36,0.03666666666666666,5.033770803974514,1582.9692515935003
2021-08-08 19:00:00,0.0,-0.31,0.03666666666666666,4.512433503942385,1294.4925590955763
2021-08-08 19:30:00,0.0,-0.29,0.03666666666666666,4.347445100735909,1201.2279287901679
2021-08-08 20:00:00,0.0,-0.27,0.03666666666666666,4.600982744810768,1344.0412234235841
2021-08-08 20:30:00,0.0,-0.25,0.03666666666666666,4.27807195489274,1165.752535809056
2021-08-08 21:00:00,0.0,-0.18,0.03666666666666666,3.7986999163084585,902.7559388222286
2021-08-08 21:30:00,0.0,-0.14,0.03666666666666666,3.4857406327290104,727.3584470828959
2021-08-08 22:00:00,0.0,-0.09,0.036333333333333336,3.419014028320851,686.9191483130371
2021-08-08 22:30:00,0.0,-0.11,0.036333333333333336,3.2184979208659,580.6053558218609
2021-08-08 23:00:00,0.0,-0.08,0.036333333333333336,2.9603514887274542,436.350891808547
2021-08-08 23:30:00,0.0,-0.09,0.036333333333333336,2.808090039338318,353.4786325215574
2021-08-09 00:00:00,0.0,-0.11,0.036333333333333336,2.773787026642787,334.8984176403202
2021-08-09 00:30:00,0.0,-0.12,0.036333333333333336,2.794848146500728,346.53964689409054
2021-08-09 01:00:00,0.0,-0.1,0.036333333333333336,2.776196363120408,335.9492606739549
2021-08-09 01:30:00,0.0,-0.07,0.036333333333333336,2.509629738114235,185.70834276980946
2021-08-09 02:00:00,0.0,-0.08,0.036333333333333336,2.4350067371506916,144.60817524968434
2021-08-09 02:30:00,0.0,-0.07,0.036333333333333336,2.7274816149748315,305.64351070250086
2021-08-09 03:00:00,0.0,-0.09,0.036333333333333336,2.327877961082131,82.20865494437399
2021-08-09 03:30:00,0.0,-0.12,0.036333333333333336,2.515041165750002,190.38909547592135
2021-08-09 04:00:00,0.0,-0.15,0.036333333333333336,2.7503533799279625,317.9009145378343
2021-08-09 04:30:00,0.0,-0.15,0.036333333333333336,2.5373032971726137,203.71836691359266
2021-08-09 05:00:00,0.0,-0.16,0.036333333333333336,2.318255026607714,79.52585632714562
2021-08-09 05:30:00,0.0,-0.16,0.036333333333333336,2.547553202034077,204.00799659450547
2021-08-09 06:00:00,0.0,-0.15,0.036333333333333336,2.1383113452837232,-19.09422918612728
2021-08-09 06:30:00,0.0,-0.15,0.036333333333333336,2.309830239380865,75.14137165448119
2021-08-09 07:00:00,0.0,-0.17,0.036333333333333336,3.064518104799122,490.4824302467804
2021-08-09 07:30:00,0.0,-0.2,0.036333333333333336,3.972315788004023,991.7073511969198
2021-08-09 08:00:00,0.0,-0.16,0.036333333333333336,5.495579439706182,1831.4467208920923
2021-08-09 08:30:00,0.0,-0.24,0.036333333333333336,8.739062549261913,3623.3356970018112
2021-08-09 09:00:00,0.0,-0.4,0.036333333333333336,9.444643907181266,4015.635815116306
2021-08-09 09:30:00,0.0,-0.41,0.036333333333333336,11.214554033391941,4994.060710082608
2021-08-09 10:00:00,0.0,-0.53,0.03666666666666666,16.10908157653933,7697.5683724141145
2021-08-09 10:30:00,0.0,-0.99,0.03666666666666666,16.844449506463018,8101.522357039379
2021-08-09 11:00:00,0.0,-1.1,0.03666666666666666,19.020233583269892,9300.655727369809
2021-08-09 11:30:00,0.0,-1.29,0.03666666666666666,19.27196155378114,9439.472370515883
2021-08-09 12:00:00,0.0,-1.34,0.037,19.697080946329375,9678.016791948892
2021-08-09 12:30:00,0.0,-1.32,0.037,18.511102714140833,9023.073149027925
2021-08-09 13:00:00,0.0,-1.28,0.037,19.215860371951877,9416.032701795568
2021-08-09 13:30:00,0.0,-1.26,0.037,19.173983827602648,9386.667761995393
2021-08-09 14:00:00,0.0,-1.11,0.037,18.677374422766793,9121.05779939772
2021-08-09 14:30:00,0.0,-1.06,0.037,17.670461918339264,8564.030714567452
2021-08-09 15:00:00,0.0,-1.17,0.037,16.825048210205615,8097.140164056549
2021-08-09 15:30:00,0.0,-1.1,0.037,16.750286758422092,8058.874807392238
2021-08-09 16:00:00,0.0,-1.1,0.037,16.819640130694008,8097.105113388721
2021-08-09 16:30:00,0.0,-1.08,0.037,14.427977319401037,6771.448689957289
2021-08-09 17:00:00,0.0,-1.18,0.037,14.978996758948481,7073.960709511257
2021-08-09 17:30:00,0.0,-1.02,0.037,15.271717082132813,7235.6979806608415
2021-08-09 18:00:00,0.0,-0.95,0.037,13.960355339199396,6516.086002632397
2021-08-09 18:30:00,0.0,-0.94,0.037,13.91328308648826,6490.278042783504
2021-08-09 19:00:00,0.0,-0.84,0.03666666666666666,14.13907037564194,6615.7337730670915
2021-08-09 19:30:00,0.0,-0.85,0.03666666666666666,10.265613658541133,4473.985731717714
2021-08-09 20:00:00,0.0,-0.78,0.03666666666666666,10.74751381835046,4739.001734199116
2021-08-09 20:30:00,0.0,-0.73,0.03666666666666666,7.148426494394274,2750.4508984757786
2021-08-09 21:00:00,0.0,-0.65,0.03666666666666666,5.029600190063304,1579.4514071936942
2021-08-09 21:30:00,0.0,-0.55,0.03666666666666666,3.97334091055939,997.68870059988
2021-08-09 22:00:00,0.0,-0.54,0.03666666666666666,3.385219857160834,672.0831562775336
2021-08-09 22:30:00,0.0,-0.5,0.03666666666666666,3.4930088676879545,729.4736924119449
2021-08-09 23:00:00,0.0,-0.54,0.03666666666666666,3.068075074007986,495.7030004076091
2021-08-09 23:30:00,0.0,-0.52,0.03666666666666666,3.205304895286074,570.6982846814511
2021-08-10 00:00:00,0.0,-0.53,0.036333333333333336,3.1012046219496843,512.2167523061552
2021-08-10 00:30:00,0.0,-0.57,0.036333333333333336,2.997104221108599,453.7048078221292
2021-08-10 01:00:00,0.0,-0.55,0.036333333333333336,3.0680718101930866,495.91296845870716
2021-08-10 01:30:00,0.0,-0.55,0.036333333333333336,2.8665057843483437,381.76088972782975
2021-08-10 02:00:00,0.0,-0.54,0.036333333333333336,2.6835621519160444,279.84641586022735
2021-08-10 02:30:00,0.0,-0.54,0.036333333333333336,2.3754307521514613,114.5690089713753
2021-08-10 03:00:00,0.0,-0.55,0.036333333333333336,2.9176745771442683,408.99763231820293
2021-08-10 03:30:00,0.0,-0.56,0.036333333333333336,2.633601145961643,253.8171946477866
2021-08-10 04:00:00,0.0,-0.53,0.03666666666666666,2.9856911247000975,446.0306309957474
2021-08-10 04:30:00,0.0,-0.49,0.03666666666666666,2.9543607793934523,431.034320296005
2021-08-10 05:00:00,0.0,-0.46,0.036333333333333336,2.907411785014028,405.70642904810654
2021-08-10 05:30:00,0.0,-0.42,0.036333333333333336,2.847218443653769,373.7104339667728
2021-08-10 06:00:00,0.0,-0.43,0.036333333333333336,2.8237560319704453,360.0850776982177
2021-08-10 06:30:00,0.0,-0.41,0.036333333333333336,2.765983046966333,328.38962265462476
2021-08-10 07:00:00,0.0,-0.42,0.036333333333333336,3.5333409065136214,751.6667892949154
2021-08-10 07:30:00,0.0,-0.42,0.036333333333333336,4.120998472759405,1075.5175796746685
2021-08-10 08:00:00,0.0,-0.43,0.036333333333333336,3.910187512843793,960.5120240546156
2021-08-10 08:30:00,0.0,-0.43,0.036333333333333336,4.2800364089113225,1162.5768800904052
2021-08-10 09:00:00,0.0,-0.43,0.036333333333333336,5.430249101906107,1798.0304192447531
2021-08-10 09:30:00,0.0,-0.28,0.036333333333333336,5.349755151596213,1759.0314823843705
2021-08-10 10:00:00,0.0,-0.22,0.036333333333333336,6.37172702241772,2322.135338001989
2021-08-10 10:30:00,0.0,-0.24,0.036333333333333336,8.786487640392274,3652.1052917864117
2021-08-10 11:00:00,0.0,-0.31,0.036,8.010250312862745,3226.356501363348
2021-08-10 11:30:00,0.0,-0.35,0.036,8.411108678507462,3448.0557794298893
2021-08-10 12:00:00,0.0,-0.4,0.036,11.446058518447234,5120.309879061293
2021-08-10 12:30:00,0.0,-0.58,0.036,13.769133764567822,6408.186278542236
2021-08-10 13:00:00,0.0,-0.82,0.03633333333333333,15.57463749365274,7405.789702235604
2021-08-10 13:30:00,0.0,-1.17,0.03633333333333333,18.020359295976238,8749.1223458426
2021-08-10 14:00:00,0.0,-1.4,0.03633333333333333,15.745026402390984,7496.555192555547
2021-08-10 14:30:00,0.0,-1.36,0.03633333333333333,17.54895514258087,8491.384838567514
2021-08-10 15:00:00,0.0,-1.33,0.03633333333333333,15.627180245084716,7430.8815192329475
2021-08-10 15:30:00,0.0,-1.35,0.03633333333333333,15.550059026352894,7387.3232002838595
2021-08-10 16:00:00,0.0,-1.25,0.03633333333333333,16.78178598685913,8072.5514048415025
2021-08-10 16:30:00,0.0,-1.12,0.03633333333333333,17.025056981046966,8207.646560195422
2021-08-10 17:00:00,0.0,-1.09,0.03633333333333333,15.920843654535709,7596.2196365602085
2021-08-10 17:30:00,0.0,-1.11,0.03633333333333333,14.907669561700526,7035.466363995183
2021-08-10 18:00:00,0.0,-1.08,0.03633333333333333,15.455797476917358,7337.383169191329
2021-08-10 18:30:00,0.0,-1.06,0.03633333333333333,13.20858397216864,6096.6184295610965
2021-08-10 19:00:00,0.0,-0.93,0.03633333333333333,10.229445672220145,4455.527178278924
2021-08-10 19:30:00,0.0,-0.87,0.03633333333333333,8.798569362656972,3665.727929736213
2021-08-10 20:00:00,0.0,-0.78,0.036,6.899955158668535,2615.591965585221
2021-08-10 20:30:00,0.0,-0.74,0.036,5.521305025315978,1849.6235918726854
2021-08-10 21:00:00,0.0,-0.71,0.036,4.326241266633338,1192.9001817760081
2021-08-10 21:30:00,0.0,-0.66,0.036,3.6259524266558056,806.4264822854188
2021-08-10 22:00:00,0.0,-0.63,0.036,3.486977939551784,726.6157778577635
2021-08-10 22:30:00,0.0,-0.62,0.036,3.232389447249153,585.5865734800265
2021-08-10 23:00:00,0.0,-0.63,0.036,3.43338474726577,698.0179222107945
2021-08-10 23:30:00,0.0,-0.62,0.036,3.085520999970548,505.7521648118196
2021-08-11 00:00:00,0.0,-0.6,0.036,3.018114924946968,468.8577237120825
2021-08-11 00:30:00,0.0,-0.63,0.036,3.1481167658048133,539.8839912559764
2021-08-11 01:00:00,0.0,-0.64,0.036,2.785863342993595,337.17412263386643
2021-08-11 01:30:00,0.0,-0.63,0.036,2.9808419088689213,445.5762013236425
2021-08-11 02:00:00,0.0,-0.62,0.036,2.7978911288166173,344.62613614563327
2021-08-11 02:30:00,0.0,-0.6,0.036,2.7834499066388996,336.45381960432394
2021-08-11 03:00:00,0.0,-0.59,0.036,2.7690130127291153,327.8301105408771
2021-08-11 03:30:00,0.0,-0.59,0.036,2.8604747704634352,379.507796999538
2021-08-11 04:00:00,0.0,-0.56,0.036,3.2721090432269406,607.6703943179663
2021-08-11 04:30:00,0.0,-0.56,0.036,2.9140633978800126,407.0145840330539
2021-08-11 05:00:00,0.0,-0.55,0.036,2.965807067768992,436.54851861700445
2021-08-11 05:30:00,0.0,-0.51,0.036,2.567411210269617,215.53313636894848
2021-08-11 06:00:00,0.0,-0.51,0.036,2.88153546713759,391.33026106465786
2021-08-11 06:30:00,0.0,-0.48,0.036,3.1114121834789215,519.2288831433153
2021-08-11 07:00:00,0.0,-0.55,0.036,3.6784514593705375,830.6405964180849
2021-08-11 07:30:00,0.0,-0.55,0.036,7.048672731092361,2690.9068122324998
2021-08-11 08:00:00,0.0,-0.55,0.036,7.926583620072276,3175.7082838881306
2021-08-11 08:30:00,0.0,-0.45,0.036,11.337355744125649,5060.304289421172
2021-08-11 09:00:00,0.0,-0.49,0.036,12.015468093938882,5436.122948677885
2021-08-11 09:30:00,0.0,-0.53,0.036,12.325325446350579,5610.114511578269
2021-08-11 10:00:00,0.0,-0.64,0.036,13.09054242447983,6031.39581354272
2021-08-11 10:30:00,0.0,-0.75,0.036,13.237728646378983,6110.380050530668
2021-08-11 11:00:00,0.0,-0.94,0.036,13.917550273661345,6487.921175251995
2021-08-11 11:30:00,0.0,-1.08,0.036,13.74901471212862,6396.757825257628
2021-08-11 12:00:00,0.0,-1.15,0.03633333333333333,12.673512261202807,5801.559446908708
2021-08-11 12:30:00,0.0,-0.93,0.03633333333333333,11.832779645689737,5337.179237738499
2021-08-11 13:00:00,0.0,-0.92,0.03633333333333333,13.082786004528336,6023.999028963539
2021-08-11 13:30:00,0.0,-1.05,0.03633333333333333,13.767260016716012,6407.204401587584
2021-08-11 14:00:00,0.0,-1.1,0.03633333333333333,13.9908501779606,6531.304948716045
2021-08-11 14:30:00,0.0,-1.1,0.03633333333333333,13.858683428229995,6456.440876662971
2021-08-11 15:00:00,0.0,-1.11,0.03633333333333333,14.028566047297202,6547.995190623882
2021-08-11 15:30:00,0.0,-1.17,0.03633333333333333,14.596106066282548,6862.828567472639
2021-08-11 16:00:00,0.0,-1.07,0.036,14.046920265503319,6563.065001118162
2021-08-11 16:30:00,0.0,-1.08,0.036,14.039291544491551,6558.369599652511
2021-08-11 17:00:00,0.0,-1.17,0.035666666666666666,13.685319951756902,6363.285761621186
2021-08-11 17:30:00,0.0,-1.07,0.035666666666666666,13.24091373138561,6112.83583829011
2021-08-11 18:00:00,0.0,-1.03,0.035666666666666666,13.026000405888116,5992.702981099903
2021-08-11 18:30:00,0.0,-1.03,0.035666666666666666,12.787909494517557,5862.289611177714
2021-08-11 19:00:00,0.0,-0.99,0.035666666666666666,11.422251681348467,5113.6479094443475
2021-08-11 19:30:00,0.0,-0.91,0.035666666666666666,10.070445193558083,4364.493267792144
2021-08-11 20:00:00,0.0,-0.84,0.035666666666666666,8.484808707200482,3487.6852428867714
2021-08-11 20:30:00,0.0,-0.77,0.035666666666666666,6.36704411604004,2316.3110517968635
2021-08-11 21:00:00,0.0,-0.71,0.035333333333333335,4.976559950147678,1549.719562107167
2021-08-11 21:30:00,0.0,-0.65,0.035333333333333335,4.2544900422266645,1155.8458892704248
2021-08-11 22:00:00,0.0,-0.54,0.035333333333333335,3.701174926889119,848.9593943030654
2021-08-11 22:30:00,0.0,-0.52,0.035333333333333335,3.3484824427711475,653.0135405278037
2021-08-11 23:00:00,0.0,-0.55,0.035333333333333335,3.270249054576496,609.507984271617
2021-08-11 23:30:00,0.0,-0.56,0.035333333333333335,3.1697794075123804,552.02182311481
2021-08-12 00:00:00,0.0,-0.58,0.035333333333333335,3.1619592148356643,547.5005523166597
2021-08-12 00:30:00,0.0,-0.58,0.035333333333333335,3.1468889679475844,540.6618554600386
2021-08-12 01:00:00,0.0,-0.55,0.035333333333333335,2.9470930075724016,430.58258450839327
2021-08-12 01:30:00,0.0,-0.55,0.035333333333333335,3.127041740377491,528.9310242477221
2021-08-12 02:00:00,0.0,-0.55,0.035333333333333335,3.1270666280818054,527.4623281349496
2021-08-12 02:30:00,0.0,-0.51,0.035333333333333335,2.788860689710404,339.9847552912878
2021-08-12 03:00:00,0.0,-0.49,0.035666666666666666,3.127048179755721,528.5412853736368
2021-08-12 03:30:00,0.0,-0.51,0.035666666666666666,2.9964604578003637,456.17983848796496
2021-08-12 04:00:00,0.0,-0.5,0.035666666666666666,3.0091444375168988,460.1350577228976
2021-08-12 04:30:00,0.0,-0.47,0.035666666666666666,3.044028511240522,480.7736956451411
2021-08-12 05:00:00,0.0,-0.44,0.035333333333333335,2.7190493176973485,301.8599581561391
2021-08-12 05:30:00,0.0,-0.43,0.035333333333333335,3.0771179084669003,499.71584892524265
2021-08-12 06:00:00,0.0,-0.39,0.035333333333333335,2.9669413229693227,442.37449144858397
2021-08-12 06:30:00,0.0,-0.35,0.035333333333333335,2.9290775285072197,417.6040037051273
2021-08-12 07:00:00,0.0,-0.29,0.034999999999999996,3.349182897174255,648.7237190201791
2021-08-12 07:30:00,0.0,-0.29,0.034999999999999996,4.189553923790093,1116.2817426750348
2021-08-12 08:00:00,0.0,-0.29,0.034999999999999996,4.493100932599439,1285.3303077416936
2021-08-12 08:30:00,0.0,-0.31,0.034999999999999996,7.3638065165254005,2866.023125509474
2021-08-12 09:00:00,0.0,-0.58,0.034999999999999996,11.306481775466388,5042.760034034056
2021-08-12 09:30:00,0.0,-0.8,0.034999999999999996,12.608086876700291,5764.611004748182
2021-08-12 10:00:00,0.0,-1.1,0.035333333333333335,13.841469763467995,6444.889632098786
2021-08-12 10:30:00,0.0,-1.58,0.035333333333333335,14.851333134584532,7004.061941145057
2021-08-12 11:00:00,0.0,-1.43,0.035333333333333335,14.283846747032324,6688.487784713941
2021-08-12 11:30:00,0.0,-1.42,0.035333333333333335,14.28511987635325,6693.346412507195
2021-08-12 12:00:00,0.0,-1.54,0.035666666666666666,13.825009084543078,6434.493347455164
2021-08-12 12:30:00,0.0,-1.33,0.035666666666666666,13.874473135833094,6465.822844446385
2021-08-12 13:00:00,0.0,-1.31,0.035666666666666666,13.684629957553387,6357.835798186309
2021-08-12 13:30:00,0.0,-1.36,0.035666666666666666,14.075007280811008,6577.434166676872
2021-08-12 14:00:00,0.0,-1.35,0.035666666666666666,13.38085404182484,6189.0007176359795
2021-08-12 14:30:00,0.0,-1.37,0.035666666666666666,13.136833397785374,6057.760899750874
2021-08-12 15:00:00,0.0,-1.38,0.035666666666666666,12.877234373151431,5914.087407237648
2021-08-12 15:30:00,0.0,-1.48,0.035666666666666666,12.406678813566483,5654.4974187920525
2021-08-12 16:00:00,0.0,-1.3,0.035666666666666666,12.647229048070345,5785.341544056733
2021-08-12 16:30:00,0.0,-1.34,0.035666666666666666,11.953620042884015,5404.399805106999
2021-08-12 17:00:00,0.0,-1.45,0.035666666666666666,11.181983794637075,4979.538628763604
2021-08-12 17:30:00,0.0,-1.24,0.035666666666666666,11.351230484590396,5074.68986720282
2021-08-12 18:00:00,0.0,-1.19,0.035666666666666666,10.943381722871244,4848.022380410199
2021-08-12 18:30:00,0.0,-1.14,0.035666666666666666,10.854592743808706,4796.568382765955
2021-08-12 19:00:00,0.0,-1.06,0.035333333333333335,9.396900778487243,3993.751396580987
2021-08-12 19:30:00,0.0,-1.01,0.035333333333333335,9.021845793045387,3786.653892606377
2021-08-12 20:00:00,0.0,-0.92,0.035333333333333335,8.11537256539981,3286.6958578774634
2021-08-12 20:30:00,0.0,-0.84,0.035333333333333335,6.079161650140501,2160.4778042644148
2021-08-12 21:00:00,0.0,-0.74,0.035333333333333335,4.640208280819996,1364.2026623947368
2021-08-12 21:30:00,0.0,-0.68,0.035333333333333335,4.391361859999675,1227.0245223792194
2021-08-12 22:00:00,0.0,-0.61,0.035333333333333335,4.035393884952242,1030.901244834743
2021-08-12 22:30:00,0.0,-0.57,0.035333333333333335,3.881319217236995,943.5396435505179
2021-08-12 23:00:00,0.0,-0.55,0.034999999999999996,3.4303767438757076,696.2904765876135
2021-08-12 23:30:00,0.0,-0.5,0.034999999999999996,3.7591115679445073,875.5993864140531
2021-08-13 00:00:00,0.0,-0.45,0.034999999999999996,3.65797923563791,819.459179200311
2021-08-13 00:30:00,0.0,-0.43,0.034999999999999996,3.399184925691209,674.623271770684
2021-08-13 01:00:00,0.0,-0.42,0.034999999999999996,3.1348561386641016,533.8121318541959
2021-08-13 01:30:00,0.0,-0.4,0.034999999999999996,3.390117242665349,671.1416964900516
2021-08-13 02:00:00,0.0,-0.39,0.034999999999999996,3.2155948008373536,573.5200172234382
2021-08-13 02:30:00,0.0,-0.37,0.034999999999999996,3.552581589006752,763.1402942424534
2021-08-13 03:00:00,0.0,-0.33,0.034999999999999996,3.4707784594085997,715.586833807149
2021-08-13 03:30:00,0.0,-0.31,0.034999999999999996,2.846622335878984,372.8537137431497
2021-08-13 04:00:00,0.0,-0.31,0.034666666666666665,2.6558576058655943,267.6576037561035
2021-08-13 04:30:00,0.0,-0.3,0.034666666666666665,2.963372104203412,437.14749358436944
2021-08-13 05:00:00,0.0,-0.3,0.034666666666666665,3.0168486527531746,473.2744177624777
2021-08-13 05:30:00,0.0,-0.37,0.034666666666666665,2.7274816149748315,305.64351070250086
2021-08-13 06:00:00,0.0,-0.4,0.034666666666666665,2.9506983648464145,433.0161766926831
2021-08-13 06:30:00,0.0,-0.42,0.034666666666666665,2.651662719580718,262.64661744189567
2021-08-13 07:00:00,0.0,-0.43,0.034666666666666665,3.4640890596610507,714.6518405578943
2021-08-13 07:30:00,0.0,-0.42,0.034666666666666665,4.315533374320491,1183.2350038693626
2021-08-13 08:00:00,0.0,-0.46,0.034666666666666665,4.051665339728502,1039.4882697466724
2021-08-13 08:30:00,0.0,-0.54,0.034666666666666665,7.268610751838093,2813.3991345748314
2021-08-13 09:00:00,0.0,-0.93,0.034333333333333334,10.797940414626026,4760.289428579621
2021-08-13 09:30:00,0.0,-1.15,0.034333333333333334,11.803561181475335,5318.565552265466
2021-08-13 10:00:00,0.0,-1.41,0.034666666666666665,12.332494509078174,5609.556349647641
2021-08-13 10:30:00,0.0,-1.94,0.034666666666666665,12.51773301582515,5712.4414041136515
2021-08-13 11:00:00,0.0,-1.79,0.034666666666666665,11.404048652884578,5096.898219341745
2021-08-13 11:30:00,0.0,-1.84,0.034666666666666665,10.733940141263174,4730.341088045567
2021-08-13 12:00:00,0.0,-2.03,0.035333333333333335,10.664996849363288,4689.480478960024
2021-08-13 12:30:00,0.0,-1.8,0.035333333333333335,11.135027604646147,4951.984068079048
2021-08-13 13:00:00,0.0,-1.68,0.035333333333333335,9.970591358152618,4303.3258439396595
2021-08-13 13:30:00,0.0,-1.67,0.035333333333333335,9.259407515895557,3915.467290360184
2021-08-13 14:00:00,0.0,-1.57,0.035333333333333335,10.08026175704894,4366.893681026915
2021-08-13 14:30:00,0.0,-1.59,0.035333333333333335,9.95947292671482,4300.517204159486
2021-08-13 15:00:00,0.0,-1.45,0.035333333333333335,7.63428886309054,3017.8751025618485
2021-08-13 15:30:00,0.0,-1.51,0.035333333333333335,7.5032195327224445,2945.1085879671723
2021-08-13 16:00:00,0.0,-1.32,0.035333333333333335,7.609353274539004,2995.424706333334
2021-08-13 16:30:00,0.0,-1.31,0.035333333333333335,7.214625422241234,2784.1663871648316
2021-08-13 17:00:00,0.0,-1.54,0.035333333333333335,7.767966890129489,3089.41863938784
2021-08-13 17:30:00,0.0,-1.21,0.035333333333333335,7.6661834818656995,3029.651493855755
2021-08-13 18:00:00,0.0,-1.19,0.034999999999999996,7.484660388431715,2930.3879283712095
2021-08-13 18:30:00,0.0,-1.18,0.034999999999999996,7.45182727275173,2913.395949754867
2021-08-13 19:00:00,0.0,-1.12,0.034999999999999996,6.723951858775195,2514.028748981111
2021-08-13 19:30:00,0.0,-1.07,0.034999999999999996,6.621224097540175,2454.6073503672023
2021-08-13 20:00:00,0.0,-1.01,0.034999999999999996,6.491701012332441,2383.9409865555017
2021-08-13 20:30:00,0.0,-0.92,0.034999999999999996,5.568953211019664,1876.5921978835677
2021-08-13 21:00:00,0.0,-0.74,0.034666666666666665,4.97729017714032,1547.4380204549766
2021-08-13 21:30:00,0.0,-0.67,0.034666666666666665,4.763815003517459,1431.0630711835784
2021-08-13 22:00:00,0.0,-0.61,0.034666666666666665,4.34392073641895,1197.112175119565
2021-08-13 22:30:00,0.0,-0.58,0.034666666666666665,3.6759035132293505,834.5070032079001
2021-08-13 23:00:00,0.0,-0.57,0.034666666666666665,3.8832142666273963,942.0225236263658
2021-08-13 23:30:00,0.0,-0.61,0.034666666666666665,3.8493215431747902,928.7684041776668
2021-08-14 00:00:00,0.0,-0.57,0.034333333333333334,3.483284483926719,728.2789334119515
2021-08-14 00:30:00,0.0,-0.62,0.034333333333333334,3.635036895304828,809.1909605894864
2021-08-14 01:00:00,0.0,-0.61,0.034333333333333334,3.9613175328727577,990.3900940811674
2021-08-14 01:30:00,0.0,-0.55,0.034333333333333334,3.4074364007229176,687.0514127672735
2021-08-14 02:00:00,0.0,-0.52,0.034333333333333334,3.715029431787299,856.2193994657143
2021-08-14 02:30:00,0.0,-0.54,0.034333333333333334,2.844814803321481,372.05774327133156
2021-08-14 03:00:00,0.0,-0.59,0.034333333333333334,3.3178108259590324,634.8847832123197
2021-08-14 03:30:00,0.0,-0.58,0.034333333333333334,3.1553486066142726,543.3107296731414
2021-08-14 04:00:00,0.0,-0.59,0.034333333333333334,2.9169696536165874,417.33756468671334
2021-08-14 04:30:00,0.0,-0.55,0.034333333333333334,3.166275660592733,544.6216779746406
2021-08-14 05:00:00,0.0,-0.5,0.034333333333333334,2.0841416020123615,-49.3863795652594
2021-08-14 05:30:00,0.0,-0.56,0.034333333333333334,3.7097351177969458,848.6365604780028
2021-08-14 06:00:00,0.0,-0.59,0.034333333333333334,2.6949957024151505,286.2914805939182
2021-08-14 06:30:00,0.0,-0.6,0.034333333333333334,3.0843220641105447,504.7912649903358
2021-08-14 07:00:00,0.0,-0.71,0.034333333333333334,4.506584401257847,1287.009840909645
2021-08-14 07:30:00,0.0,-0.7,0.034333333333333334,7.048637514617333,2691.466199838461
2021-08-14 08:00:00,0.0,-0.72,0.034333333333333334,7.307405813880118,2834.976421586178
2021-08-14 08:30:00,0.0,-0.76,0.034333333333333334,6.623999916430758,2460.831664654877
2021-08-14 09:00:00,0.0,-0.91,0.034333333333333334,9.867573196018444,4248.696100879945
2021-08-14 09:30:00,0.0,-1.09,0.034333333333333334,9.227672046487669,3896.5047348850103
2021-08-14 10:00:00,0.0,-1.28,0.034333333333333334,9.871827873197802,4254.620449707796
2021-08-14 10:30:00,0.0,-1.38,0.034333333333333334,13.21206926880133,6095.675637446189
2021-08-14 11:00:00,0.0,-1.48,0.034333333333333334,11.29351672104911,5035.283398416372
2021-08-14 11:30:00,0.0,-1.49,0.034333333333333334,14.01562688160764,6542.735423213549
2021-08-14 12:00:00,0.0,-1.67,0.034333333333333334,12.779386863863117,5860.019642451297
2021-08-14 12:30:00,0.0,-1.78,0.034333333333333334,12.488433421624087,5694.585001476806
2021-08-14 13:00:00,0.0,-2.05,0.034333333333333334,11.677552736372359,5253.7497413467045
2021-08-14 13:30:00,0.0,-2.02,0.034333333333333334,10.630026586627263,4675.11484295397
2021-08-14 14:00:00,0.0,-1.94,0.034666666666666665,8.960246477027528,3750.1123930095814
2021-08-14 14:30:00,0.0,-1.88,0.034666666666666665,8.500107448875468,3494.0504752022744
2021-08-14 15:00:00,0.0,-1.69,0.034666666666666665,8.774787051482004,3652.1314389662966
2021-08-14 15:30:00,0.0,-1.6,0.034666666666666665,9.444593511145177,4018.528107902881
2021-08-14 16:00:00,0.0,-1.44,0.034666666666666665,8.21015353794737,3328.3009427322113
2021-08-14 16:30:00,0.0,-1.46,0.034666666666666665,8.52128137267663,3512.826343541952
2021-08-14 17:00:00,0.0,-1.55,0.034666666666666665,8.261392685207557,3365.474410411656
2021-08-14 17:30:00,0.0,-1.4,0.034666666666666665,8.357575180649725,3417.343015141936
2021-08-14 18:00:00,0.0,-1.36,0.034333333333333334,8.273706410738296,3368.382405295464
2021-08-14 18:30:00,0.0,-1.28,0.034333333333333334,7.932561150128179,3180.8846190612203
2021-08-14 19:00:00,0.0,-1.22,0.034333333333333334,7.323631566139142,2847.01089774699
2021-08-14 19:30:00,0.0,-1.16,0.034333333333333334,5.813914582005925,2015.4767516568977
2021-08-14 20:00:00,0.0,-1.12,0.034333333333333334,5.620256958827859,1904.9916887544878
2021-08-14 20:30:00,0.0,-1.05,0.034333333333333334,4.754720052465007,1427.2959771547867
2021-08-14 21:00:00,0.0,-1.03,0.034333333333333334,4.5155027776156915,1294.7089622417739
2021-08-14 21:30:00,0.0,-0.98,0.034333333333333334,3.87652486485934,940.2107493589551
2021-08-14 22:00:00,0.0,-0.97,0.034333333333333334,4.220871553719482,1133.6002864736408
2021-08-14 22:30:00,0.0,-0.94,0.034333333333333334,3.727809674823707,858.1684300957791
2021-08-14 23:00:00,0.0,-0.95,0.034333333333333334,3.633240734414913,807.8263647957749
2021-08-14 23:30:00,0.0,-0.93,0.034333333333333334,3.5797336808684466,775.7657422120126
2021-08-15 00:00:00,0.0,-1.0,0.034333333333333334,3.695302382125644,840.1360767348814
2021-08-15 00:30:00,0.0,-0.98,0.034333333333333334,3.796449826208712,895.8910976672217
2021-08-15 01:00:00,0.0,-0.99,0.034333333333333334,3.3028738989395134,621.5540105326984
2021-08-15 01:30:00,0.0,-1.04,0.034333333333333334,3.330580732440284,636.1031198515013
2021-08-15 02:00:00,0.0,-1.08,0.034333333333333334,3.5592552717982366,764.8532546581524
2021-08-15 02:30:00,0.0,-1.0,0.034333333333333334,4.019865288776727,1018.5900088071313
2021-08-15 03:00:00,0.0,-0.88,0.033999999999999996,3.7597439658624037,874.9932864243626
2021-08-15 03:30:00,0.0,-0.72,0.033999999999999996,3.4141728712690873,685.2894779336807
2021-08-15 04:00:00,0.0,-0.68,0.033999999999999996,3.362425764920676,655.9958477970199
2021-08-15 04:30:00,0.0,-0.69,0.033999999999999996,3.2961814103139604,621.070961372106
2021-08-15 05:00:00,0.0,-0.7,0.033666666666666664,3.071136416025392,494.25294731905626
2021-08-15 05:30:00,0.0,-0.71,0.033666666666666664,3.352821525849377,649.6022885315781
2021-08-15 06:00:00,0.0,-0.71,0.033666666666666664,3.3046235568719604,624.9807271763588
2021-08-15 06:30:00,0.0,-0.68,0.033666666666666664,3.0120988804957447,465.402810831844
2021-08-15 07:00:00,0.0,-0.68,0.033666666666666664,3.2836050829211327,611.2451348048719
2021-08-15 07:30:00,0.0,-0.69,0.033666666666666664,3.032534513368933,478.5306231150927
2021-08-15 08:00:00,0.0,-0.7,0.033666666666666664,3.666308941785946,827.6647346357372
2021-08-15 08:30:00,0.0,-0.82,0.033666666666666664,5.7584582777113145,1982.4439946453526
2021-08-15 09:00:00,0.0,-1.16,0.033666666666666664,4.547620625760468,1308.3622687002185
2021-08-15 09:30:00,0.0,-1.41,0.033666666666666664,7.01284646164045,2672.5285759485523
2021-08-15 10:00:00,0.0,-1.54,0.033666666666666664,7.732034076301574,3071.869920323875
2021-08-15 10:30:00,0.0,-1.54,0.033666666666666664,9.345661832093878,3959.5917298150625
2021-08-15 11:00:00,0.0,-1.57,0.033999999999999996,10.99748691506056,4873.956772502308
2021-08-15 11:30:00,0.0,-1.59,0.033999999999999996,10.933448192931422,4833.556130641749
2021-08-15 12:00:00,0.0,-1.57,0.033999999999999996,12.747706814422655,5843.450118420336
2021-08-15 12:30:00,0.0,-1.59,0.033999999999999996,15.52411487145138,7373.59968711411
2021-08-15 13:00:00,0.0,-1.78,0.033999999999999996,14.9029301886358,7031.09970839424
